,country code,country,population,square,density
0,KZ,Kazakhstan,17.04,2724902,6.253435903382948
1,RU,Russia,143.5,17125191,8.379468585197094
2,BY,Belarus,9.5,207600,45.761078998073216
3,UA,Ukraine,45.5,603626,75.37780016102687
